Test Acc:,,,,,,,,,,,,,,,,
1,91.76,69.29,58.93,62.13,72.23,46.58,50.05,54.1,73.07,53.95,49.94,48.25,71.51,62.52,57.88,70.79
2,93.4,76.07,65.07,68.79,79.21,56.91,53.98,60.7,79.56,59.81,55.02,58.09,78.78,69.31,64.03,76.67
3,94.09,79.09,67.58,72,82.35,61.46,57.13,63.04,81.66,62.86,57.31,63.2,81.67,72.3,67.25,79.59
4,95.02,80.68,69.47,73.17,83.46,64.71,59.05,65.01,83,63.9,58.32,65.57,82.81,73.93,69.43,80.69
5,95.18,81.56,69.32,74.4,83.82,66.37,60.39,65.55,83.4,65.42,58.56,67.17,83.75,74.74,69.81,81.58
6,95.45,82.01,70.22,75.47,84.47,67.6,61.22,66.91,83.76,66.15,60.44,68.55,84.07,75.57,70.8,81.97
7,95.41,82.74,71.35,76.13,84.87,68.73,62.2,67.8,84.05,66.9,62.31,69.19,84.63,75.84,72.62,83.05
8,95.44,83.52,72.2,77.06,85.07,69.33,62.67,67.9,85.2,67.89,62.73,69.5,85.37,76.91,72.9,83.33
9,95.63,83.79,72.49,77.27,85.56,70.32,62.69,69.21,85.3,67.91,63.91,70.98,85.93,76.69,73.67,84
10,95.83,83.83,73.11,77.89,85.63,71.35,63.89,69.89,85.38,69.08,64.29,71.37,85.86,77.84,73.64,84.1
11,95.68,84.39,73.3,78.42,85.7,71.34,64.68,69.92,85.36,69.17,64.33,71.99,86.02,77.97,74.1,84.46
12,95.49,84.09,74.08,78.25,86.26,71.95,64.72,70.68,85.72,69.31,65.07,72.49,86.34,78.33,73.51,84.91
13,96.09,84.77,73.91,78.57,86.13,72.47,65.26,70.7,85.83,70.53,65.51,72.89,86.21,78.27,75.02,84.62
14,96.07,84.67,74.16,78.79,87.11,73.42,65.02,71.74,85.91,70.54,65.21,72.75,86.7,78.45,74.72,85.4
15,96.04,84.71,74.36,78.96,86.18,72.99,65.52,71.53,85.78,71.21,65.71,72.8,86.43,78.93,74.87,84.84
16,95.8,85.25,75.1,79.49,86.34,73.42,66.27,71.69,85.77,71.03,66.11,73.86,86.03,78.91,75.51,85.32
17,96.08,85.28,74.39,79.59,86.65,73.86,66.19,72.65,86.12,71.28,67.09,73.48,86.47,79.07,74.94,85.55
18,96.03,85.3,74.85,79.33,86.97,74.13,66.52,72.77,86.24,70.99,66.9,74.24,86.96,79.05,75.28,85.13
19,95.73,85.32,75.27,79.8,86.91,74.11,66.85,72.35,86.25,71.43,67.12,74.64,86.61,79.57,76.29,84.99
20,96.42,85.39,75.4,79.68,87.35,74.73,67.59,72.91,85.98,72.16,67.4,74.79,87.21,79.78,75.91,85.54
21,96.22,85.5,75.45,80.37,87.09,74.93,66.86,73.54,86.36,72.32,67.58,75.08,86.86,79.4,76.54,85.47
22,96.3,85.68,75.22,79.88,86.83,75.23,67.88,73.17,86.62,72.14,68.18,75.19,87.16,79.74,76.11,85.39
23,95.91,85.75,75.41,79.93,87.07,75.5,67.7,73.45,86.14,72.47,68.22,74.96,87.13,79.83,76.36,85.42
24,96.3,85.81,75.56,80.05,87.03,75.31,68.24,73.79,85.84,72.31,68.27,75.64,87.36,79.79,76.48,85.78
25,96.29,85.84,75.95,80.59,87.73,76.18,67.65,74.14,86.67,72.99,68.71,75.6,87.23,79.68,76.96,85.76
26,96.26,86.04,75.66,80.45,87.15,75.48,68.02,73.64,87,73.26,68.66,75.49,87.25,79.37,76.93,85.78
27,96.46,85.67,75.58,80.68,87.88,76.35,68.51,74.04,86.39,73.03,68.62,75.68,87.21,79.86,76.57,85.66
28,96.1,86.02,76.17,80.73,87.66,76.32,68.54,73.32,87.25,72.7,69.16,75.68,87.37,80.1,77.29,85.39
29,96.1,85.99,76.07,80.64,87.27,76.53,68.97,73.79,86.64,73.35,69.09,76.13,87.12,79.92,77.39,85.82
30,96.33,86.03,76.53,80.67,87.16,76.07,68.9,73.99,86.91,73.25,68.98,76.28,87.68,79.92,77.17,85.95
31,96.65,86.7,76.92,81.6,88.2,77.21,69.82,75.2,87.72,74.64,70.28,77.38,87.91,81.17,78.4,86.67
32,96.56,86.76,77.26,81.59,88.15,77.54,69.93,75.18,87.81,74.38,70.29,77.16,88.07,81.14,78.17,86.52
33,96.65,86.76,77.21,81.78,88.36,77.5,69.99,75.15,87.81,74.53,70.7,77.33,87.97,81.17,78.29,86.55
34,96.58,86.81,77.18,81.58,88.4,77.39,69.92,75.35,87.72,74.48,70.48,77.37,87.96,81.2,78.33,86.55
35,96.65,86.72,77.02,81.62,88.38,77.35,70.2,75.47,87.64,74.73,70.68,77.44,88.03,80.92,78.33,86.66
36,96.68,86.89,77.1,81.54,88.26,77.49,69.76,75.42,87.62,74.64,70.66,77.21,87.9,80.92,78.15,86.66
37,96.62,86.92,77.14,81.8,88.4,77.46,69.78,75.32,87.49,74.76,70.63,77.27,87.88,81.21,78.41,86.46
38,96.67,86.79,77.09,81.59,88.25,77.52,69.75,75.39,87.68,74.6,70.43,77.43,87.96,81.24,78.56,86.56
39,96.55,86.74,77.08,81.44,88.25,77.4,69.98,75.42,87.47,74.49,70.45,77.14,87.95,80.7,78.26,86.45
40,96.62,86.9,77.16,81.51,88.42,77.44,69.97,75.46,87.56,74.64,70.22,77.31,87.84,81.21,78.27,86.48
41,96.54,86.83,77.04,81.43,88.41,77.55,69.83,75.4,87.54,74.69,70.56,77.34,87.78,81.16,78.47,86.52
42,96.64,86.85,77.28,81.22,88.35,77.27,69.66,75.37,87.61,74.63,70.42,77.28,87.85,80.82,78.46,86.47
43,96.63,86.86,77.06,81.55,88.38,77.57,69.7,75.5,87.5,74.91,70.53,77.43,87.97,80.91,78.42,86.64
44,96.54,86.88,77.21,81.59,88.39,77.49,69.92,75.39,87.7,74.83,70.51,77.47,87.67,80.93,78.59,86.45
45,96.54,86.85,77.24,81.46,88.28,77.48,69.91,75.35,87.5,74.61,70.38,77.32,87.66,81.07,78.34,86.42
46,96.55,86.75,76.99,81.29,88.17,77.58,69.9,75.41,87.66,74.6,70.42,77.22,87.76,80.81,78.28,86.59
47,96.61,86.7,77.09,81.48,88.18,77.46,69.9,75.38,87.43,74.78,70.26,77.33,87.75,81.14,78.38,86.67
48,96.54,86.87,77.26,81.45,88.21,77.27,69.61,75.28,87.49,74.67,70.05,77.31,87.74,80.97,78.48,86.56
49,96.52,86.68,77.16,81.33,88.26,77.55,70.05,75.38,87.44,74.55,70.22,77.44,87.63,81.12,78.54,86.19
50,96.54,86.87,77.39,81.5,88.13,77.49,69.72,75.31,87.46,74.62,70.29,77.4,87.66,81.22,78.42,86.58
51,96.44,86.73,77.29,81.2,88.28,77.23,69.98,75.23,87.43,74.57,70.23,77.26,87.78,80.87,78.06,86.31
52,96.48,86.77,77.19,81.25,88.08,77.53,70.05,75.36,87.28,74.59,70.4,77.35,87.73,80.96,78.41,86.37
53,96.5,86.63,77.36,81.28,88.12,77.46,69.95,75.28,87.59,74.53,70.17,77.43,87.55,80.91,78.34,86.61
54,96.52,86.5,77.37,81.15,87.98,77.43,69.65,75.36,87.56,74.77,70.23,77.08,87.53,80.87,78.28,86.41
55,96.41,86.85,77.14,81.29,88.12,77.33,69.84,75.28,87.55,74.82,70.19,77.01,87.78,80.89,78.32,86.58
56,96.49,86.6,77.33,81.3,87.99,77.49,69.79,75.39,87.52,74.82,70.21,77.21,87.57,80.99,78.23,86.51
57,96.44,86.6,77.34,81.57,88.07,77.46,69.69,75.18,87.59,74.56,70.23,77.21,87.63,80.88,78.25,86.47
58,96.45,86.55,77.1,81.25,88.04,77.36,69.76,75.27,87.31,74.81,69.99,77.12,87.67,80.8,78.2,86.37
59,96.49,86.6,77.37,80.95,88.07,77.54,70.04,75.49,87.27,74.83,70.18,77.26,87.69,80.94,78.15,86.52
60,96.44,86.51,76.86,81.33,88.32,77.48,70.11,75.19,87.4,74.79,70.62,77.14,87.47,80.94,78.08,86.43
61,96.5,86.6,77.03,81.43,88.05,77.42,70.07,75.18,87.48,74.67,70.57,77.11,87.62,80.93,78.06,86.36
62,96.43,86.55,77.24,81.46,88.2,77.25,69.98,75.15,87.3,74.64,70.27,77.39,87.72,80.93,78.34,86.32
63,96.49,86.72,77.32,81.45,88.23,77.3,69.92,75.14,87.35,74.77,70.46,77.35,87.77,81.11,78.3,86.48
64,96.4,86.62,77.35,81.45,87.96,77.4,69.99,75.2,87.39,74.54,70.15,77.29,87.61,80.84,78.32,86.46
65,96.53,86.73,77.21,81.44,88.25,77.24,69.66,75.34,87.34,74.88,70.11,77.29,87.63,80.89,78.2,86.44
66,96.48,86.66,77.43,81.35,88.13,77.58,70.11,75.25,87.36,74.62,70.5,77.51,87.67,80.83,78.12,86.37
67,96.48,86.71,77.44,81.2,87.96,77.36,69.91,75.32,87.49,74.72,70.41,77.36,87.54,80.85,78.24,86.31
68,96.49,86.63,77.33,81.23,88.17,77.54,69.92,75.16,87.44,74.67,70.19,77.34,87.58,80.74,78.23,86.56
69,96.48,86.78,77.06,81.29,88.13,77.52,69.88,75.21,87.36,74.92,70.43,77.22,87.57,80.96,78.25,86.47
70,96.51,86.85,77.31,81.51,88.07,77.39,70.07,75.27,87.45,74.64,70.67,77.38,87.69,80.95,78.11,86.46
71,96.55,86.73,77.17,81.36,88.19,77.34,69.96,75.12,87.28,74.77,70.24,77.28,87.5,80.88,78.28,86.43
72,96.46,86.65,77.39,81.38,88.09,77.31,69.86,75.25,87.37,74.73,70.36,77.05,87.68,80.87,78.42,86.48
73,96.44,86.68,77.32,81.28,88.16,77.45,69.98,75.16,87.31,74.67,70.13,77.24,87.57,80.9,78.13,86.33
74,96.44,86.73,77.18,81.36,88.19,77.35,70.05,75.22,87.38,74.77,70.39,77.34,87.67,80.77,78.13,86.3
75,96.45,86.56,77.2,81.43,88.17,77.43,70.05,75.43,87.42,74.91,70.36,77.25,87.63,80.94,78.12,86.5
76,96.52,86.66,77.21,81.51,88.02,77.33,70.15,75.32,87.35,74.59,70.53,77.3,87.79,81.01,78.06,86.46
77,96.51,86.67,77.21,81.15,88.09,77.35,70.08,75.27,87.48,74.75,70.33,77.29,87.56,80.98,78.16,86.54
78,96.52,86.55,77.19,81.42,88.09,77.34,69.89,75.23,87.29,74.54,70.3,77.31,87.68,80.98,78.02,86.26
79,96.56,86.69,77.15,81.4,88.1,77.6,70.13,75.01,87.34,74.74,70.32,77.41,87.57,80.87,78.12,86.49
80,96.4,86.53,77.42,81.18,87.96,77.24,70,75.13,87.5,74.84,70.41,77.19,87.59,80.63,78.19,86.33
81,96.52,86.6,77.2,81.49,88.13,77.32,69.89,75.24,87.42,74.88,70.23,77.46,87.65,81.12,78.22,86.37
82,96.46,86.73,77.32,81.39,88.02,77.25,69.96,75.38,87.41,74.82,70.37,77.25,87.58,80.93,78.18,86.43
83,96.54,86.74,77.22,81.46,88.09,77.47,69.95,75.14,87.39,74.74,70.24,77.44,87.74,80.96,78.03,86.32
84,96.43,86.71,77.17,81.29,88.03,77.33,69.71,75.14,87.3,74.65,70.31,77.28,87.53,80.98,78.11,86.43
85,96.53,86.76,77.28,81.28,88,77.41,69.74,75.17,87.24,74.6,70.16,77.43,87.67,80.92,78.2,86.58
86,96.47,86.58,77.26,81.33,88.02,77.46,69.91,75.27,87.35,74.73,70.09,77.1,87.67,81.06,78.17,86.46
87,96.5,86.72,77.27,81.31,88.11,77.43,69.96,75.25,87.45,74.77,70.33,77.27,87.75,80.92,78.29,86.36
88,96.5,86.73,77.24,81.33,88.03,77.36,70.07,75.27,87.25,74.65,70.42,77.32,87.66,80.8,77.94,86.6
89,96.55,86.75,77.24,81.43,88.05,77.53,69.91,75.27,87.57,74.74,70.37,77.35,87.7,80.71,78.14,86.45
90,96.51,86.64,77.21,81.23,88.09,77.32,69.79,75.07,87.58,74.86,70.4,77.29,87.41,81.02,78.25,86.42
91,96.48,86.68,77.23,81.22,88.09,77.44,69.8,75.29,87.16,74.63,70.13,77.41,87.64,81.03,77.81,86.56
92,96.52,86.66,77.49,81.39,88.17,77.43,69.84,75.22,87.39,74.7,70.34,77.25,87.42,80.8,78.22,86.37
93,96.53,86.71,77.36,81.47,88.12,77.31,69.94,75.18,87.39,74.65,70.33,77.12,87.62,81.02,78.15,86.5
94,96.52,86.74,77.08,81.29,87.97,77.54,70.01,75.32,87.43,74.71,70.28,77.3,87.82,80.95,77.98,86.42
95,96.55,86.79,77.08,81.34,88.11,77.4,70.04,75.24,87.19,74.88,70.47,77.43,87.58,80.88,78.25,86.37
96,96.67,86.79,77.22,81.39,88.16,77.43,69.88,75.15,87.43,74.93,70.64,77.15,87.59,81.07,78.22,86.36
97,96.57,86.74,77.33,81.38,88.05,77.35,70.01,75.13,87.26,74.69,70,77.28,87.66,80.94,78.18,86.37
98,96.49,86.81,77.26,81.18,88.16,77.47,69.95,75.36,87.53,74.73,70.25,77.22,87.67,80.97,78.37,86.44
99,96.46,86.68,77.29,81.28,88.15,77.32,69.82,75.19,87.41,74.74,70.29,77.33,87.59,80.88,78.13,86.51
100,96.48,86.7,77.21,81.26,88.22,77.58,69.91,75.13,87.46,74.65,70.14,77.2,87.66,80.68,78.05,86.36
Test Loss:,,,,,,,,,,,,,,,,
1,0.001145644,0.003815859,0.004864077,0.004598785,0.003414374,0.006137814,0.005841601,0.005378499,0.003322123,0.005383319,0.005903689,0.005931542,0.003425708,0.004494951,0.004874228,0.003686548
2,0.00088969,0.002994592,0.004142482,0.003762551,0.002513305,0.005122979,0.005306843,0.004670838,0.002555234,0.004753927,0.005252464,0.004928066,0.00261273,0.003735741,0.004231704,0.002970784
3,0.000762256,0.002639078,0.00383857,0.003413675,0.0021922,0.004589748,0.004964392,0.004395624,0.002272973,0.004424718,0.004993192,0.004375365,0.002263213,0.003399331,0.003897276,0.002611356
4,0.000666101,0.002431487,0.00366879,0.00326642,0.002046387,0.004257295,0.004805959,0.004172378,0.002110835,0.004287126,0.004863836,0.004119244,0.002103719,0.003190476,0.003658065,0.002437277
5,0.000670949,0.002337458,0.003579116,0.003105187,0.001952338,0.004047474,0.004660892,0.004088594,0.002111547,0.004119202,0.004867189,0.003970921,0.002000077,0.003082053,0.003555572,0.00231463
6,0.000604012,0.002262071,0.003521947,0.003026207,0.001884005,0.003901915,0.00453105,0.003965918,0.001983,0.004005912,0.004541343,0.003802939,0.001926981,0.002939115,0.003458929,0.002242831
7,0.000587817,0.002195697,0.003413763,0.002932795,0.00186628,0.003784086,0.004468963,0.003833127,0.001977807,0.003902868,0.004401458,0.003696696,0.00190345,0.002887869,0.003295061,0.002095972
8,0.000594219,0.002094728,0.003328694,0.002831867,0.00183306,0.003677093,0.004376151,0.00377547,0.001857194,0.003824771,0.00433296,0.003658538,0.001790688,0.002798847,0.003253887,0.002087581
9,0.000589814,0.002066016,0.003283032,0.002857997,0.001768533,0.003566899,0.00434736,0.00371765,0.001866521,0.003801046,0.004217258,0.003510245,0.001754182,0.002767882,0.003135431,0.002026845
10,0.000560484,0.002014572,0.003220668,0.002745316,0.001755993,0.003461636,0.004280734,0.003626423,0.001831862,0.003697348,0.004131356,0.003451035,0.00173168,0.002702156,0.003156865,0.001992623
11,0.000566957,0.001971424,0.003211939,0.002715055,0.001756397,0.003428736,0.004160144,0.003574868,0.001830339,0.003704383,0.004115605,0.003424722,0.001718172,0.00266948,0.003090093,0.001943703
12,0.000581825,0.001981088,0.003148817,0.002675349,0.001703674,0.003393955,0.004112015,0.003510179,0.001770418,0.003673015,0.004058577,0.003334389,0.001660757,0.002648158,0.003123755,0.001920375
13,0.000519666,0.001941037,0.003146389,0.002654532,0.001740242,0.003329059,0.004094541,0.003434711,0.001776941,0.003583666,0.004022036,0.003306783,0.001695708,0.002644119,0.003041232,0.001919399
14,0.000530634,0.0019468,0.003107061,0.002648347,0.00163581,0.003255454,0.00405309,0.003417967,0.001768697,0.003548128,0.004022373,0.003347131,0.001643286,0.002604208,0.003039205,0.001840361
15,0.000558606,0.001907594,0.003081977,0.002636259,0.001735414,0.003254828,0.004050897,0.003394644,0.001780217,0.003496403,0.003954471,0.00329233,0.001698401,0.002572747,0.003027614,0.001874941
16,0.000579686,0.001890045,0.003028498,0.002550144,0.001677451,0.003201186,0.003990346,0.003393821,0.00180485,0.003462922,0.003938129,0.003183406,0.00167423,0.002556769,0.002987284,0.001833177
17,0.000528992,0.001856359,0.003084028,0.002542831,0.001662803,0.003200044,0.003990699,0.003357132,0.001776844,0.003433961,0.003844846,0.003216811,0.001646242,0.002530137,0.003005081,0.001835312
18,0.000540272,0.001892289,0.003047368,0.002548801,0.001660533,0.003149309,0.003943368,0.003274985,0.001749667,0.003460549,0.003808418,0.003162969,0.001624535,0.002547384,0.002942282,0.001833063
19,0.000563396,0.001856717,0.002998103,0.002490595,0.001652065,0.003099455,0.003923745,0.003295613,0.001747241,0.0034134,0.00381733,0.003126966,0.001662803,0.002508216,0.002874044,0.001831171
20,0.000518132,0.001835068,0.002977637,0.002508112,0.001627472,0.003091841,0.003846145,0.00323817,0.001740917,0.003356162,0.003779402,0.003118812,0.001583382,0.002454658,0.002897551,0.001793012
21,0.000512422,0.001848689,0.002993127,0.002466735,0.001615511,0.003037404,0.003953979,0.003177157,0.001697064,0.003346836,0.003754036,0.003036215,0.001660874,0.002466627,0.002852024,0.00181961
22,0.000503354,0.001867585,0.002960501,0.00248387,0.001681996,0.003013423,0.003796458,0.003246108,0.001710081,0.003372304,0.00374424,0.003037627,0.001578854,0.002478465,0.002869472,0.001810331
23,0.000541749,0.001865505,0.002993547,0.002461193,0.001636241,0.002988077,0.003819393,0.003224727,0.001690195,0.003339419,0.003721077,0.00301604,0.001576026,0.002456094,0.002849971,0.001801798
24,0.000514041,0.001825013,0.002954084,0.002482742,0.001643195,0.002989084,0.003822201,0.003190047,0.001754393,0.003375955,0.003672597,0.003033963,0.00158764,0.002466465,0.002848924,0.001790239
25,0.000546572,0.001819336,0.002926815,0.002413853,0.001597425,0.002955807,0.003819855,0.003122115,0.001699558,0.003280077,0.003666683,0.002981684,0.001589081,0.002473028,0.00281046,0.001775182
26,0.000510071,0.001832864,0.002952827,0.002447594,0.001637305,0.00299538,0.003746448,0.003154697,0.001666958,0.003249779,0.003689803,0.002951752,0.001599001,0.002513125,0.002849606,0.001793255
27,0.000510647,0.001807637,0.002919126,0.002390004,0.00160303,0.002913696,0.003725537,0.003133394,0.001709762,0.003304299,0.003634485,0.002956036,0.001587023,0.002468871,0.002842405,0.001797082
28,0.000565054,0.001826275,0.002915086,0.002392511,0.001576069,0.002915452,0.003712658,0.003175489,0.00166535,0.003295848,0.003611499,0.002976946,0.001561046,0.002451803,0.002790876,0.001804786
29,0.000574445,0.001763063,0.002903431,0.002380893,0.001607891,0.002915765,0.003659991,0.003154975,0.001692269,0.003236396,0.003570859,0.0029113,0.001558827,0.002432573,0.002804616,0.00174975
30,0.000521876,0.00177474,0.002836289,0.002364153,0.001640794,0.002923813,0.003707497,0.003112545,0.001653236,0.003249857,0.003594817,0.002923049,0.001548462,0.00245706,0.002777562,0.001744979
31,0.000461935,0.001692473,0.002754924,0.002284631,0.001532282,0.00280651,0.003558913,0.00298436,0.001577815,0.003118588,0.003465308,0.002804957,0.001490473,0.002340641,0.002661218,0.001678414
32,0.000470833,0.001708869,0.002766205,0.002285798,0.001517938,0.002796901,0.003569173,0.002981192,0.001584496,0.003119177,0.003456202,0.002799576,0.001498778,0.002345236,0.002685469,0.001682246
33,0.000479876,0.001713943,0.002785336,0.002283601,0.001538835,0.002808595,0.003582847,0.002989283,0.001590078,0.003123069,0.003455886,0.002807674,0.001525178,0.002350104,0.002683112,0.001694685
34,0.000482379,0.001718061,0.002773418,0.002297435,0.00153754,0.002821373,0.003567629,0.002991591,0.00159923,0.00312302,0.003443837,0.002814629,0.001521784,0.00234982,0.002683035,0.001703373
35,0.000474092,0.001717682,0.002770095,0.002310097,0.001537526,0.002803672,0.003566929,0.002989717,0.001608011,0.003120029,0.003454371,0.002825848,0.001524366,0.002374618,0.002692644,0.001720057
36,0.000486267,0.001729075,0.002784914,0.002327717,0.001557829,0.002825633,0.00357107,0.003002836,0.001601169,0.003131193,0.003455369,0.002817305,0.001555631,0.002400771,0.00269663,0.00173449
37,0.000496375,0.001733113,0.002767027,0.002313593,0.00156318,0.002807464,0.003581864,0.00299577,0.001615423,0.00312245,0.003448991,0.002812172,0.001551971,0.002383451,0.002690093,0.001722375
38,0.000497784,0.001733328,0.00278012,0.002316691,0.001553902,0.002822987,0.003585952,0.003005198,0.001612714,0.003120512,0.003466711,0.002828219,0.001560123,0.002374749,0.002685814,0.00173181
39,0.000507724,0.001747624,0.002784582,0.002329898,0.001559375,0.002827612,0.003576173,0.002999127,0.001618901,0.003127424,0.003456398,0.002842628,0.001565954,0.002407864,0.002706212,0.001735103
40,0.00051429,0.001746474,0.002786364,0.002326688,0.001570751,0.002823947,0.003576048,0.003002214,0.001623479,0.003127279,0.003462,0.002824529,0.001576436,0.002391604,0.002704827,0.001742308
41,0.000522278,0.001751733,0.002805389,0.002346153,0.001583164,0.002822108,0.003583082,0.00300912,0.001624193,0.003136497,0.003453571,0.002826955,0.001578376,0.002400678,0.00271101,0.001742161
42,0.000526121,0.001763078,0.002789822,0.002344109,0.001592905,0.002836473,0.003605831,0.003007494,0.001629042,0.003135538,0.003472182,0.002828428,0.00159051,0.00239501,0.002710841,0.001763838
43,0.000526863,0.001772388,0.002809504,0.002331699,0.001578707,0.002827595,0.003595847,0.003002068,0.001619852,0.003150325,0.00346314,0.002828134,0.001583654,0.002402422,0.002712505,0.001755025
44,0.000532875,0.001783057,0.002804906,0.002344397,0.001589603,0.002838827,0.003590707,0.002995471,0.00163223,0.003143817,0.003462888,0.002838769,0.001600479,0.002402316,0.002717829,0.001782214
45,0.000531784,0.001765719,0.002806842,0.002345126,0.001599871,0.002831846,0.003592674,0.003017486,0.001638149,0.003146724,0.003462447,0.002829724,0.001605644,0.002412323,0.00272083,0.001752317
46,0.000536707,0.001765292,0.002819987,0.002354126,0.00160219,0.002836034,0.003582068,0.003019974,0.001643282,0.003137425,0.003467102,0.002828567,0.001602318,0.002426482,0.002722513,0.001767535
47,0.000533177,0.001776308,0.002804923,0.002348022,0.001605022,0.002831558,0.003586046,0.003007543,0.001652215,0.003134152,0.003475823,0.002843401,0.001598704,0.002415076,0.002717658,0.001764473
48,0.000545406,0.001780285,0.002816073,0.002361936,0.001611204,0.00284376,0.003602745,0.003028619,0.001671332,0.003152636,0.003486602,0.002849685,0.001616751,0.002430817,0.002741936,0.001774274
49,0.000539212,0.001796016,0.002811971,0.002354996,0.001621325,0.002840189,0.003594036,0.003018817,0.001660335,0.003151319,0.003469492,0.002834964,0.001621106,0.002414122,0.002750273,0.001786398
50,0.000550253,0.001795709,0.00281975,0.002366885,0.001626159,0.002847366,0.003598925,0.003022575,0.001658676,0.003142812,0.003476602,0.002846405,0.001624815,0.002422836,0.002756231,0.001793119
51,0.000562896,0.001795414,0.00281959,0.00238968,0.001627605,0.00284836,0.003595759,0.003021797,0.001676865,0.00314712,0.00346602,0.002846791,0.001621516,0.002443633,0.002753585,0.001790949
52,0.000566794,0.001790388,0.002827045,0.002385115,0.001635907,0.002842386,0.003592514,0.003030063,0.001669683,0.003166659,0.003465166,0.002836176,0.00163534,0.002422723,0.002754165,0.001787731
53,0.000559963,0.001796689,0.00282247,0.002381413,0.001618531,0.002848821,0.003602403,0.003040697,0.001658688,0.003163337,0.003482046,0.002840154,0.001640686,0.002447057,0.00273833,0.001792872
54,0.000562452,0.001812673,0.002819764,0.002400197,0.001641326,0.002842849,0.003617854,0.003046149,0.001667891,0.003165114,0.003483932,0.002849667,0.001651423,0.002438479,0.002734168,0.001803569
55,0.000567252,0.001802502,0.002820179,0.002392482,0.001652714,0.002856185,0.003600162,0.003043743,0.001664434,0.003164855,0.003474336,0.002848161,0.001648659,0.002440504,0.002741839,0.001813938
56,0.000569499,0.001804812,0.002825409,0.002384997,0.001642972,0.002859779,0.003598548,0.003036174,0.001679583,0.003151683,0.003478411,0.002857194,0.001657352,0.002441549,0.002738358,0.001801251
57,0.000579682,0.001815761,0.002832212,0.002400294,0.00164562,0.002855237,0.003597947,0.003039693,0.001665222,0.003168683,0.00348458,0.002854557,0.001648709,0.00244824,0.00276137,0.001798161
58,0.000572064,0.00182111,0.002847202,0.002398767,0.001653239,0.002866141,0.00361717,0.003035433,0.001684778,0.003160998,0.003496363,0.002871569,0.001665692,0.002439653,0.002756603,0.001817703
59,0.000563141,0.00181139,0.00283593,0.002410098,0.001656592,0.002848507,0.003594947,0.00303357,0.00169144,0.003156372,0.003484754,0.002869058,0.00166684,0.002436814,0.00276276,0.001810169
60,0.000586654,0.001825224,0.002851396,0.002397735,0.001651906,0.002849029,0.00359711,0.003041227,0.001691523,0.003172972,0.003477511,0.00287459,0.001672403,0.002450598,0.002778804,0.001808918
61,0.000578145,0.001818458,0.002857942,0.00241045,0.001671644,0.002868622,0.003604155,0.003050192,0.00168683,0.003168268,0.003471969,0.0028633,0.001673333,0.002461842,0.002769407,0.001815538
62,0.000570408,0.001820937,0.002842861,0.002384941,0.001646007,0.002851883,0.003593365,0.00304248,0.001685576,0.003169108,0.003477739,0.002855628,0.001660535,0.002447914,0.002762118,0.001806786
63,0.000574025,0.001809405,0.002844542,0.002386144,0.001650153,0.002858551,0.003604306,0.003034645,0.00168428,0.003155069,0.003488084,0.002856297,0.001666333,0.002451255,0.002749871,0.001802835
64,0.000580543,0.001817226,0.002844323,0.002404351,0.001660043,0.002866888,0.003603892,0.003051504,0.001684695,0.003167755,0.003490296,0.002861125,0.001672578,0.002447594,0.002760098,0.00181928
65,0.000572927,0.001817033,0.002836558,0.002391189,0.001652506,0.002871279,0.00360464,0.003033493,0.001682656,0.00316665,0.003483547,0.002855594,0.001669336,0.002455,0.002758684,0.001819037
66,0.00057774,0.001818475,0.002834865,0.002407829,0.001651865,0.002855631,0.003608325,0.003041194,0.001683544,0.00315794,0.00348201,0.002840555,0.001660981,0.002457948,0.002757539,0.001815893
67,0.000571415,0.001815807,0.002855538,0.002398287,0.001669948,0.002876212,0.003603262,0.003040962,0.001695255,0.003168814,0.003480603,0.002870505,0.001689905,0.002470232,0.002752112,0.001817194
68,0.000569938,0.001812612,0.002837325,0.002401473,0.001654303,0.00286116,0.003605898,0.003044718,0.001680592,0.003176801,0.00348354,0.002862542,0.001669623,0.002462416,0.002749803,0.001806669
69,0.000573378,0.001813877,0.002838737,0.002399215,0.001656879,0.002870756,0.00360411,0.003038981,0.001686819,0.003154495,0.00346867,0.002859457,0.001665707,0.002451159,0.00275833,0.001810402
70,0.000577564,0.001817192,0.002850209,0.002404115,0.001659798,0.002855926,0.003606634,0.003036945,0.001689104,0.003164425,0.003473159,0.002853836,0.001673153,0.002460691,0.002757647,0.001816508
71,0.000578534,0.001816896,0.002846829,0.002382737,0.001661049,0.002861194,0.003602563,0.003040737,0.001690208,0.00315831,0.003483351,0.0028539,0.001677609,0.002447969,0.002764743,0.001814682
72,0.000579984,0.001820426,0.002850182,0.002403202,0.001653254,0.002857536,0.003603586,0.003035456,0.00168134,0.003163557,0.003487488,0.002854239,0.001662256,0.0024512,0.002756938,0.001822881
73,0.000580101,0.001815566,0.002843,0.002401037,0.001655444,0.00285828,0.003595417,0.003044789,0.001701335,0.003157127,0.003489329,0.002854134,0.001690737,0.002453859,0.00275621,0.001820649
74,0.000592615,0.001829007,0.002840523,0.00241497,0.001665345,0.002849377,0.003604819,0.003056403,0.001691737,0.003169638,0.00347705,0.00284887,0.001687855,0.002470485,0.002761595,0.001817898
75,0.00057085,0.001820734,0.002853304,0.002404396,0.001667362,0.002872041,0.003611882,0.003046907,0.001687746,0.003157169,0.003471665,0.002873145,0.001672557,0.002456514,0.002763576,0.001827674
76,0.000574537,0.001827345,0.002846349,0.002395483,0.0016791,0.00287846,0.003599318,0.003056054,0.001691662,0.003174424,0.003476758,0.002857538,0.001673966,0.002464246,0.002772082,0.00182905
77,0.0005933,0.00183524,0.002859259,0.002408633,0.00167116,0.002873044,0.003595543,0.003049218,0.001691133,0.003168999,0.003484787,0.002858451,0.001683012,0.002465841,0.002763212,0.00183131
78,0.000572459,0.001831307,0.002847164,0.002404177,0.001678258,0.002864318,0.003596286,0.003042518,0.001689375,0.003167333,0.003485616,0.002852899,0.00168224,0.002467786,0.002766193,0.001835395
79,0.000574897,0.001824814,0.002843881,0.002411034,0.001671147,0.002855583,0.00360381,0.003061404,0.001689772,0.003170687,0.003481452,0.002864733,0.001675204,0.002453887,0.002775077,0.001816598
80,0.000583614,0.001832738,0.002853805,0.002420652,0.001680202,0.002878425,0.003621487,0.00306186,0.0017159,0.003178819,0.003490573,0.002878309,0.001692577,0.002468138,0.002768104,0.001837763
81,0.000577117,0.001825452,0.002839834,0.002411392,0.001668989,0.00286457,0.003605274,0.003052905,0.00170348,0.003169262,0.003488656,0.002867626,0.001684161,0.002453472,0.00276969,0.001823196
82,0.000587344,0.001824443,0.002850699,0.00240808,0.001672254,0.002865724,0.003594182,0.003045894,0.001702548,0.003173377,0.003483228,0.002858689,0.001682286,0.002473566,0.00276801,0.001820043
83,0.000593124,0.00183249,0.002845158,0.002411281,0.00168059,0.002863262,0.003597152,0.003049993,0.001708588,0.003169875,0.003485471,0.00286143,0.001687859,0.002468608,0.002778659,0.001815549
84,0.000584346,0.001829553,0.00285624,0.00241144,0.001669807,0.002872165,0.00360417,0.003053459,0.001701414,0.003174276,0.003489547,0.002876237,0.001682094,0.002469607,0.002775637,0.00182127
85,0.000577377,0.001830812,0.002853683,0.002414049,0.001681614,0.002874111,0.003615149,0.003039282,0.001707219,0.003161795,0.003488585,0.002864066,0.001686781,0.002472985,0.002768316,0.001828213
86,0.000580786,0.001836515,0.002859141,0.00242327,0.001663627,0.002878535,0.003617493,0.003050628,0.001703683,0.003178752,0.003493113,0.002878957,0.001688017,0.002481836,0.002772887,0.001836823
87,0.000587144,0.00182843,0.002851353,0.002420587,0.001666017,0.002863204,0.00361289,0.003049055,0.00169134,0.003172832,0.003492714,0.002874198,0.00167244,0.002476003,0.002763243,0.001829255
88,0.000580214,0.001829192,0.002848568,0.002410996,0.001675735,0.002870093,0.003598336,0.003051919,0.001703254,0.003174375,0.003488573,0.002868368,0.00168351,0.002466866,0.002774059,0.001819772
89,0.000592021,0.001831372,0.002851832,0.002415252,0.00167602,0.002861546,0.003605591,0.003043886,0.001690504,0.003162324,0.00348485,0.002858791,0.001682484,0.002469511,0.002764201,0.001822378
90,0.000579175,0.001827048,0.00284713,0.00241283,0.001681499,0.002869652,0.003610431,0.003052296,0.001690234,0.003170778,0.003488713,0.002868551,0.001684672,0.00247078,0.00276586,0.001817932
91,0.000575152,0.001824537,0.002854324,0.002418672,0.001683632,0.002875315,0.003620555,0.003050255,0.001698856,0.003168949,0.003501167,0.002864267,0.001686855,0.002479493,0.002788732,0.00183006
92,0.000579364,0.001830795,0.002843343,0.002412161,0.0016696,0.002864825,0.00360753,0.003047383,0.001704131,0.003178472,0.003491642,0.002867279,0.001684373,0.002474136,0.00276156,0.001822745
93,0.000580141,0.001836203,0.002860142,0.00242486,0.001684095,0.002879801,0.003617433,0.003056369,0.001700631,0.003170267,0.003497956,0.00287564,0.001688539,0.00247097,0.002764593,0.001838404
94,0.000584394,0.001822885,0.002856763,0.002408507,0.001680392,0.002870988,0.00360434,0.003046315,0.00169257,0.003166694,0.003494101,0.002870911,0.001690514,0.002470813,0.002772997,0.001827842
95,0.000589557,0.001843035,0.002865192,0.002430173,0.001681832,0.002875085,0.003606495,0.003059556,0.001705475,0.00317614,0.003489733,0.002872735,0.001697382,0.002481706,0.002770436,0.001828156
96,0.000584766,0.00182629,0.002857367,0.002415268,0.001674186,0.002870481,0.003613255,0.003055659,0.001692963,0.003171988,0.003487527,0.002860948,0.001677622,0.002469684,0.00277941,0.001825058
97,0.000580686,0.001832531,0.002851085,0.002429931,0.001679473,0.002865791,0.003597053,0.003059051,0.001706075,0.003175464,0.003490074,0.002865488,0.001675881,0.002477555,0.002782708,0.00183291
98,0.000579916,0.001826472,0.002855787,0.002422478,0.001672599,0.002873693,0.00362278,0.003043218,0.001696583,0.003177532,0.003496037,0.002875742,0.001687668,0.002480414,0.002764909,0.001820569
99,0.000587963,0.001829842,0.002844836,0.002407756,0.001673595,0.002868117,0.003600551,0.003059539,0.001692458,0.003175133,0.003488712,0.002852877,0.001683583,0.002465471,0.002766672,0.001816862
100,0.000591622,0.001830384,0.00287245,0.002430289,0.001674683,0.002869253,0.003612903,0.003056908,0.001703135,0.003185843,0.003489584,0.002876474,0.001678386,0.002483754,0.002779188,0.001820725
Fusing Test Acc:,"[0, 1, 2, 3, 4, 5, 6, 7, 8, 9, 10, 11, 12, 13, 14, 15]",,,,,,,,,,,,,,,
1,93.88,,,,,,,,,,,,,,,
2,95.05,,,,,,,,,,,,,,,
3,96.02,,,,,,,,,,,,,,,
4,96.12,,,,,,,,,,,,,,,
5,96.26,,,,,,,,,,,,,,,
6,96.62,,,,,,,,,,,,,,,
7,96.54,,,,,,,,,,,,,,,
8,96.79,,,,,,,,,,,,,,,
9,96.84,,,,,,,,,,,,,,,
10,96.83,,,,,,,,,,,,,,,
11,96.97,,,,,,,,,,,,,,,
12,96.94,,,,,,,,,,,,,,,
13,97.16,,,,,,,,,,,,,,,
14,97.15,,,,,,,,,,,,,,,
15,97.11,,,,,,,,,,,,,,,
16,96.98,,,,,,,,,,,,,,,
17,97.15,,,,,,,,,,,,,,,
18,97.13,,,,,,,,,,,,,,,
19,97.46,,,,,,,,,,,,,,,
20,97.31,,,,,,,,,,,,,,,
21,97.25,,,,,,,,,,,,,,,
22,97.24,,,,,,,,,,,,,,,
23,97.45,,,,,,,,,,,,,,,
24,97.42,,,,,,,,,,,,,,,
25,97.44,,,,,,,,,,,,,,,
26,97.51,,,,,,,,,,,,,,,
27,97.43,,,,,,,,,,,,,,,
28,97.22,,,,,,,,,,,,,,,
29,97.4,,,,,,,,,,,,,,,
30,97.67,,,,,,,,,,,,,,,
31,97.8,,,,,,,,,,,,,,,
32,97.73,,,,,,,,,,,,,,,
33,97.73,,,,,,,,,,,,,,,
34,97.77,,,,,,,,,,,,,,,
35,97.79,,,,,,,,,,,,,,,
36,97.81,,,,,,,,,,,,,,,
37,97.73,,,,,,,,,,,,,,,
38,97.76,,,,,,,,,,,,,,,
39,97.9,,,,,,,,,,,,,,,
40,97.7,,,,,,,,,,,,,,,
41,97.86,,,,,,,,,,,,,,,
42,97.8,,,,,,,,,,,,,,,
43,97.83,,,,,,,,,,,,,,,
44,97.83,,,,,,,,,,,,,,,
45,97.87,,,,,,,,,,,,,,,
46,97.84,,,,,,,,,,,,,,,
47,97.81,,,,,,,,,,,,,,,
48,97.76,,,,,,,,,,,,,,,
49,97.87,,,,,,,,,,,,,,,
50,97.8,,,,,,,,,,,,,,,
51,97.93,,,,,,,,,,,,,,,
52,97.8,,,,,,,,,,,,,,,
53,97.77,,,,,,,,,,,,,,,
54,97.87,,,,,,,,,,,,,,,
55,97.86,,,,,,,,,,,,,,,
56,97.83,,,,,,,,,,,,,,,
57,97.78,,,,,,,,,,,,,,,
58,97.77,,,,,,,,,,,,,,,
59,97.9,,,,,,,,,,,,,,,
60,97.82,,,,,,,,,,,,,,,
61,97.78,,,,,,,,,,,,,,,
62,97.89,,,,,,,,,,,,,,,
63,97.78,,,,,,,,,,,,,,,
64,97.82,,,,,,,,,,,,,,,
65,97.88,,,,,,,,,,,,,,,
66,97.79,,,,,,,,,,,,,,,
67,97.77,,,,,,,,,,,,,,,
68,97.88,,,,,,,,,,,,,,,
69,97.79,,,,,,,,,,,,,,,
70,97.9,,,,,,,,,,,,,,,
71,97.8,,,,,,,,,,,,,,,
72,97.85,,,,,,,,,,,,,,,
73,97.81,,,,,,,,,,,,,,,
74,97.86,,,,,,,,,,,,,,,
75,97.86,,,,,,,,,,,,,,,
76,97.87,,,,,,,,,,,,,,,
77,97.88,,,,,,,,,,,,,,,
78,97.83,,,,,,,,,,,,,,,
79,97.86,,,,,,,,,,,,,,,
80,97.84,,,,,,,,,,,,,,,
81,97.89,,,,,,,,,,,,,,,
82,97.86,,,,,,,,,,,,,,,
83,97.83,,,,,,,,,,,,,,,
84,97.89,,,,,,,,,,,,,,,
85,97.81,,,,,,,,,,,,,,,
86,97.8,,,,,,,,,,,,,,,
87,97.83,,,,,,,,,,,,,,,
88,97.88,,,,,,,,,,,,,,,
89,97.8,,,,,,,,,,,,,,,
90,97.92,,,,,,,,,,,,,,,
91,97.8,,,,,,,,,,,,,,,
92,97.89,,,,,,,,,,,,,,,
93,97.83,,,,,,,,,,,,,,,
94,97.89,,,,,,,,,,,,,,,
95,97.87,,,,,,,,,,,,,,,
96,97.93,,,,,,,,,,,,,,,
97,97.9,,,,,,,,,,,,,,,
98,97.87,,,,,,,,,,,,,,,
99,97.81,,,,,,,,,,,,,,,
100,97.91,,,,,,,,,,,,,,,
Fusing Test Loss:,"[0, 1, 2, 3, 4, 5, 6, 7, 8, 9, 10, 11, 12, 13, 14, 15]",,,,,,,,,,,,,,,
1,0.001432034,,,,,,,,,,,,,,,
2,0.000997755,,,,,,,,,,,,,,,
3,0.000834775,,,,,,,,,,,,,,,
4,0.000734525,,,,,,,,,,,,,,,
5,0.000688631,,,,,,,,,,,,,,,
6,0.000624662,,,,,,,,,,,,,,,
7,0.000604139,,,,,,,,,,,,,,,
8,0.000565351,,,,,,,,,,,,,,,
9,0.000567127,,,,,,,,,,,,,,,
10,0.000537038,,,,,,,,,,,,,,,
11,0.000530541,,,,,,,,,,,,,,,
12,0.000512854,,,,,,,,,,,,,,,
13,0.000493612,,,,,,,,,,,,,,,
14,0.000475844,,,,,,,,,,,,,,,
15,0.000485523,,,,,,,,,,,,,,,
16,0.000480925,,,,,,,,,,,,,,,
17,0.000457406,,,,,,,,,,,,,,,
18,0.000456892,,,,,,,,,,,,,,,
19,0.000437993,,,,,,,,,,,,,,,
20,0.00043793,,,,,,,,,,,,,,,
21,0.000436749,,,,,,,,,,,,,,,
22,0.000425854,,,,,,,,,,,,,,,
23,0.000426702,,,,,,,,,,,,,,,
24,0.000413998,,,,,,,,,,,,,,,
25,0.00041043,,,,,,,,,,,,,,,
26,0.000402137,,,,,,,,,,,,,,,
27,0.000404913,,,,,,,,,,,,,,,
28,0.000409734,,,,,,,,,,,,,,,
29,0.000398873,,,,,,,,,,,,,,,
30,0.000391578,,,,,,,,,,,,,,,
31,0.000365017,,,,,,,,,,,,,,,
32,0.000356959,,,,,,,,,,,,,,,
33,0.000353964,,,,,,,,,,,,,,,
34,0.000347664,,,,,,,,,,,,,,,
35,0.000343528,,,,,,,,,,,,,,,
36,0.00034283,,,,,,,,,,,,,,,
37,0.000344568,,,,,,,,,,,,,,,
38,0.000340382,,,,,,,,,,,,,,,
39,0.000337036,,,,,,,,,,,,,,,
40,0.000338223,,,,,,,,,,,,,,,
41,0.000340181,,,,,,,,,,,,,,,
42,0.000336355,,,,,,,,,,,,,,,
43,0.000337191,,,,,,,,,,,,,,,
44,0.00033328,,,,,,,,,,,,,,,
45,0.000330526,,,,,,,,,,,,,,,
46,0.000335026,,,,,,,,,,,,,,,
47,0.000334593,,,,,,,,,,,,,,,
48,0.000335611,,,,,,,,,,,,,,,
49,0.000329974,,,,,,,,,,,,,,,
50,0.000329308,,,,,,,,,,,,,,,
51,0.000331334,,,,,,,,,,,,,,,
52,0.000331734,,,,,,,,,,,,,,,
53,0.000327932,,,,,,,,,,,,,,,
54,0.00032849,,,,,,,,,,,,,,,
55,0.000327863,,,,,,,,,,,,,,,
56,0.00033215,,,,,,,,,,,,,,,
57,0.000327889,,,,,,,,,,,,,,,
58,0.000326522,,,,,,,,,,,,,,,
59,0.000324753,,,,,,,,,,,,,,,
60,0.000325272,,,,,,,,,,,,,,,
61,0.000324335,,,,,,,,,,,,,,,
62,0.000319672,,,,,,,,,,,,,,,
63,0.000324166,,,,,,,,,,,,,,,
64,0.000323929,,,,,,,,,,,,,,,
65,0.00032072,,,,,,,,,,,,,,,
66,0.000322788,,,,,,,,,,,,,,,
67,0.000323758,,,,,,,,,,,,,,,
68,0.000319018,,,,,,,,,,,,,,,
69,0.000321877,,,,,,,,,,,,,,,
70,0.00032208,,,,,,,,,,,,,,,
71,0.00032191,,,,,,,,,,,,,,,
72,0.000321702,,,,,,,,,,,,,,,
73,0.000325888,,,,,,,,,,,,,,,
74,0.000323625,,,,,,,,,,,,,,,
75,0.00032061,,,,,,,,,,,,,,,
76,0.000321576,,,,,,,,,,,,,,,
77,0.00032253,,,,,,,,,,,,,,,
78,0.000322107,,,,,,,,,,,,,,,
79,0.000319019,,,,,,,,,,,,,,,
80,0.000325166,,,,,,,,,,,,,,,
81,0.000320842,,,,,,,,,,,,,,,
82,0.000323523,,,,,,,,,,,,,,,
83,0.000324632,,,,,,,,,,,,,,,
84,0.000321469,,,,,,,,,,,,,,,
85,0.000321809,,,,,,,,,,,,,,,
86,0.00032349,,,,,,,,,,,,,,,
87,0.000320199,,,,,,,,,,,,,,,
88,0.000319954,,,,,,,,,,,,,,,
89,0.000325021,,,,,,,,,,,,,,,
90,0.000318708,,,,,,,,,,,,,,,
91,0.000321422,,,,,,,,,,,,,,,
92,0.0003195,,,,,,,,,,,,,,,
93,0.000321521,,,,,,,,,,,,,,,
94,0.00031724,,,,,,,,,,,,,,,
95,0.000322227,,,,,,,,,,,,,,,
96,0.000318992,,,,,,,,,,,,,,,
97,0.000317791,,,,,,,,,,,,,,,
98,0.000321681,,,,,,,,,,,,,,,
99,0.000319697,,,,,,,,,,,,,,,
100,0.000319926,,,,,,,,,,,,,,,
Train Acc,,,,,,,,,,,,,,,,
1,78.60166667,52.78333333,43.34666667,44.62166667,54.03333333,34.28333333,39.125,40.52166667,54.73166667,40.83833333,37.42333333,34.06,54.96166667,46.97666667,43.99333333,53.88666667
2,92.06333333,72.525,60.12833333,64.55833333,75.19333333,51.34166667,51.67166667,56.38333333,76.13,56.25166667,51.97,53.885,74.985,65.175,59.77166667,72.53666667
3,93.54,76.93166667,64.38333333,69.39833333,79.93333333,58.54833333,55.52,60.72,80.06333333,60.725,55.885,60.67166667,79.445,69.98166667,63.75,76.97
4,94.24666667,78.975,66.84833333,71.92833333,82.105,62.6,57.92666667,63.30666667,81.81166667,63.05833333,57.81,64.18333333,81.98666667,72.41666667,66.63666667,79.345
5,94.82166667,80.43,68.445,73.93666667,83.56333333,65.19333333,59.73333333,65.52166667,82.96166667,64.76,59.575,66.70333333,83.46833333,74.61333333,68.52,80.83666667
6,95.14833333,81.64333333,69.87,75.38833333,84.62,66.96,61.305,66.97,83.92666667,66.36666667,60.795,68.26166667,84.475,75.69,69.95333333,81.91166667
7,95.58333333,82.40833333,70.60833333,76.38333333,85.275,68.43333333,62.18666667,68.14333333,84.265,67.31,61.895,69.73333333,85.23666667,76.57833333,70.98166667,82.88333333
8,95.72833333,83.17333333,71.18333333,77.19833333,85.63666667,69.71333333,63.28833333,69.095,84.99333333,68.08666667,62.965,70.895,85.65833333,77.26166667,71.965,83.52
9,95.815,83.75166667,72.15,77.89166667,86.335,70.66666667,63.78,69.79,85.25,69.08,63.93666667,71.76,86.34333333,78.02666667,72.69,84.145
10,95.97,84.17833333,72.53,78.69,86.77666667,71.64,64.45,70.40833333,85.54333333,69.68833333,64.57666667,72.47833333,86.58333333,78.56833333,73.36333333,84.72166667
11,96.18666667,84.45833333,73.12333333,79.11,87.13666667,72.39166667,65.105,70.93833333,85.975,70.17333333,65.38333333,72.91,87.035,79.06166667,73.86833333,84.93166667
12,96.325,84.87166667,73.61666667,79.51333333,87.35666667,73.02833333,65.695,71.61333333,86.15833333,70.855,65.81666667,73.65833333,87.10666667,79.31,74.33666667,85.33833333
13,96.51166667,85.34,74.16333333,79.89666667,87.67666667,73.72833333,66.18333333,72.11833333,86.54666667,71.34666667,66.46166667,74.50666667,87.67166667,79.83666667,75.00333333,85.65166667
14,96.51333333,85.56166667,74.53333333,80.285,88.08833333,74.13333333,66.53166667,72.59166667,86.915,71.89333333,66.945,74.87833333,87.80666667,80.16333333,75.505,85.97333333
15,96.645,85.84666667,74.84333333,80.66166667,88.25833333,74.66333333,67.015,72.93,87.005,72.33,67.3,75.18,88.21833333,80.38166667,75.765,86.27166667
16,96.69,85.95,75.17166667,80.77166667,88.36833333,75.13833333,67.20166667,73.36333333,87.06333333,72.695,67.65166667,75.44833333,88.25666667,80.67333333,75.90166667,86.59666667
17,96.78833333,86.42333333,75.63,81.40833333,88.57333333,75.35333333,67.65,73.59,87.31166667,73.10333333,68.25666667,76.22166667,88.66666667,81.23166667,76.44833333,86.76666667
18,96.92333333,86.63,75.93,81.61833333,88.74166667,76.09,68.06,73.905,87.575,73.28666667,68.58333333,76.55833333,88.815,81.38,76.92166667,87.00166667
19,96.97833333,86.725,76.08,81.88666667,88.96833333,76.41166667,68.26833333,74.04166667,87.62833333,73.67833333,68.755,76.975,88.88,81.59,77.00833333,87.13333333
20,96.99666667,87.01666667,76.47166667,81.98833333,89.00333333,76.41166667,68.44166667,74.54833333,87.85166667,73.84,69.20166667,77.11,89.05666667,81.74,77.03666667,87.34
21,97.155,87.28666667,76.56333333,82.28833333,89.365,77.01,68.68333333,74.87166667,88.02666667,74.21,69.44666667,77.52833333,89.44333333,82.20666667,77.50166667,87.58166667
22,97.14333333,87.51166667,76.71666667,82.58833333,89.395,76.89833333,68.76666667,75.14833333,88.04333333,74.43666667,69.42,77.81333333,89.435,82.23666667,77.61333333,87.79
23,97.22333333,87.40333333,77.04,82.57333333,89.47833333,77.39666667,69.14333333,75.19166667,88.225,74.4,69.61333333,78.10833333,89.68333333,82.45666667,77.92333333,87.965
24,97.30166667,87.565,77.31833333,82.84333333,89.78166667,77.49666667,69.35333333,75.55666667,88.44333333,74.91833333,70.04333333,78.11,89.705,82.645,77.99,88.04833333
25,97.43166667,87.86833333,77.69166667,82.70833333,89.63666667,77.82333333,69.755,75.89166667,88.565,75.03166667,70.28166667,78.22333333,89.67833333,82.65333333,78.455,88.09
26,97.305,87.925,77.86,83.125,89.97833333,78.08333333,70.00666667,75.94666667,88.55666667,75.245,70.52166667,78.59833333,89.81666667,82.82166667,78.31833333,88.36166667
27,97.415,88.19333333,77.85333333,83.12,90.09,78.11833333,70.25833333,75.935,88.78833333,75.64333333,70.88666667,78.65,90.14333333,82.94833333,78.64,88.325
28,97.475,88.245,78.15,83.33666667,90.05833333,78.28,70.18166667,76.185,88.81166667,75.43333333,70.96,78.88833333,90.01,83.26666667,78.72166667,88.505
29,97.495,88.355,78.185,83.715,90.10666667,78.54166667,70.57166667,76.42833333,88.84,75.64333333,70.98333333,79.17,90.26333333,83.36833333,78.94833333,88.73166667
30,97.50666667,88.33833333,78.32,83.91,90.205,78.59166667,70.81166667,76.7,88.95833333,76.06,71.20833333,79.34,90.275,83.49666667,78.98833333,88.71
31,98.11833333,89.69666667,80.18,85.15666667,91.73833333,80.45666667,72.56833333,78.26666667,90.25833333,77.575,72.84333333,81.06166667,91.61666667,85.01,80.835,90.195
32,98.40333333,90.31333333,80.765,85.93166667,92.03166667,81.27833333,73.125,78.80833333,90.755,78.28833333,73.775,81.68833333,92.26666667,85.79666667,81.43,90.67666667
33,98.565,90.43333333,80.875,86.11333333,92.24833333,81.305,73.32666667,79.11,90.86833333,78.45333333,73.77333333,81.81333333,92.41666667,85.89,81.58666667,90.90333333
34,98.58166667,90.57833333,80.98333333,86.04333333,92.385,81.40333333,73.15,79.02333333,91.00833333,78.445,73.765,82.01333333,92.34333333,85.89166667,81.66166667,90.88166667
35,98.655,90.68833333,81.2,86.38,92.45333333,81.46166667,73.38333333,79.26333333,91.11166667,78.53,73.93166667,82.04166667,92.52,86.08166667,81.78,91.045
36,98.67,90.73666667,81.10666667,86.34,92.51,81.505,73.39166667,79.25,91.27833333,78.62833333,74.02833333,82.20833333,92.615,86.03333333,81.85666667,91.03166667
37,98.70666667,90.73,81.20166667,86.445,92.52333333,81.67666667,73.51666667,79.365,91.205,78.75666667,74.02,82.15,92.615,86.25666667,81.91166667,91.185
38,98.71,90.965,81.16,86.43166667,92.48166667,81.83166667,73.47833333,79.35666667,91.08333333,78.91666667,74.15166667,82.31833333,92.67,86.25,81.79666667,91.27166667
39,98.74,90.77,81.14333333,86.59666667,92.56333333,81.75166667,73.49166667,79.48833333,91.21333333,78.79,74.18,82.335,92.64666667,86.14666667,81.90333333,91.26833333
40,98.66333333,91.05166667,81.42166667,86.51833333,92.68833333,81.73166667,73.68333333,79.50166667,91.245,79.03166667,74.23833333,82.42833333,92.77166667,86.34833333,82.14,91.22666667
41,98.77333333,90.84833333,81.28333333,86.37833333,92.61666667,81.78833333,73.61333333,79.57,91.26333333,78.92333333,74.26166667,82.29,92.745,86.37666667,81.99833333,91.25333333
42,98.795,90.87833333,81.37,86.44,92.67833333,81.715,73.70833333,79.60333333,91.33,78.95333333,74.15666667,82.39666667,92.67,86.33833333,81.94,91.16333333
43,98.795,91.09333333,81.685,86.64833333,92.68166667,81.94833333,73.75166667,79.635,91.405,79.07166667,74.26,82.58166667,92.865,86.43666667,82.17166667,91.44333333
44,98.84833333,91.03166667,81.60166667,86.67333333,92.775,81.86,73.76666667,79.61333333,91.37166667,79.005,74.2,82.34666667,92.95166667,86.54,82.26666667,91.38166667
45,98.87666667,91.16833333,81.43833333,86.66166667,92.71666667,81.91,73.68,79.565,91.55333333,78.99,74.425,82.61666667,92.845,86.49666667,82.10166667,91.40166667
46,98.88333333,91.115,81.67,86.76333333,92.79666667,82.095,74.06333333,79.83333333,91.525,79.14,74.52166667,82.55,92.92833333,86.63666667,82.36666667,91.49
47,98.84333333,91.13666667,81.605,86.75166667,92.82,81.94833333,74.10833333,79.765,91.46333333,79.365,74.43833333,82.52166667,92.80166667,86.595,82.20333333,91.455
48,98.875,91.13833333,81.67,86.76166667,92.90333333,82.10666667,74.03166667,79.90666667,91.57166667,79.20333333,74.43833333,82.46666667,92.98,86.46666667,82.375,91.525
49,98.91833333,91.15833333,81.59166667,86.935,93.09833333,82.005,73.96166667,79.68666667,91.58666667,79.245,74.45666667,82.69,93.10333333,86.59333333,82.365,91.48166667
50,98.925,91.09333333,81.52166667,87.115,93.05,82.12166667,74.11166667,79.80666667,91.70833333,79.08666667,74.34666667,82.58,93.12166667,86.83833333,82.37333333,91.57
51,98.91833333,91.11,81.62333333,86.69333333,92.94833333,82.205,74.00833333,79.89,91.51833333,79.28166667,74.43,82.795,93.01333333,86.63333333,82.295,91.555
52,98.93,91.13833333,81.54166667,86.85666667,93.04,82.09333333,73.95333333,79.93333333,91.645,79.235,74.53333333,82.61166667,93.03333333,86.66333333,82.31333333,91.57333333
53,98.88333333,91.155,81.77166667,86.88666667,93.04333333,82.17166667,74.10166667,79.71833333,91.59833333,79.29,74.48666667,82.84,93.10333333,86.88,82.50833333,91.69166667
54,98.975,91.25,81.825,86.94666667,93.15333333,82.25166667,74.22333333,79.99,91.48833333,79.35166667,74.69833333,82.79,93.145,86.75333333,82.50666667,91.67666667
55,98.985,91.24,81.94833333,87.01666667,93.14833333,82.29166667,74.09666667,80.01666667,91.69166667,79.45666667,74.68833333,82.84833333,93.2,86.74833333,82.67,91.56
56,98.99166667,91.4,81.92,87.03166667,93.12166667,82.135,74.045,80.19333333,91.73333333,79.37666667,74.715,82.715,93.13166667,86.775,82.435,91.87
57,99.01,91.25666667,81.79,87.04333333,93.07166667,82.31,74.11833333,79.90166667,91.75166667,79.3,74.63166667,82.99,93.15833333,86.74166667,82.56,91.64333333
58,99.005,91.43833333,81.93166667,87.12,93.16333333,82.46,74.26,80.03833333,91.77833333,79.535,74.745,82.95833333,93.10833333,86.905,82.72666667,91.845
59,99.035,91.35166667,81.99833333,87.03,93.11333333,82.37666667,74.165,80.045,91.76166667,79.51166667,74.84,82.82166667,93.19,86.86166667,82.685,91.865
60,99.10333333,91.52333333,82.18333333,87.15833333,93.14333333,82.67,74.23333333,80.065,91.91333333,79.46,74.695,82.795,93.29833333,86.965,82.58833333,91.88
61,99.05666667,91.63833333,82.26833333,87.39,93.345,82.62833333,74.54166667,80.275,91.90166667,79.8,75.01,83.15833333,93.37333333,87.00333333,83.00333333,91.98666667
62,99.14,91.60666667,82.405,87.46333333,93.395,82.55,74.66166667,80.45,92.03333333,79.80666667,75.08,83.25333333,93.425,87.105,83.075,92.08666667
63,99.11666667,91.54833333,82.23,87.49,93.47666667,82.705,74.70166667,80.475,91.88833333,79.81166667,75.065,83.18,93.50333333,87.195,83.00333333,92.135
64,99.10833333,91.64666667,82.30666667,87.44333333,93.43833333,82.64833333,74.54166667,80.33333333,92.23,79.70666667,75.05166667,83.24666667,93.505,87.31333333,82.83666667,92.16
65,99.17833333,91.605,82.26166667,87.445,93.53333333,82.765,74.69,80.47833333,92.04,79.84333333,75.25666667,83.30166667,93.39333333,87.43333333,82.89,92.20333333
66,99.13833333,91.63833333,82.33,87.46166667,93.505,82.79333333,74.57666667,80.64333333,92.195,79.87333333,75.085,83.41166667,93.52666667,87.27666667,82.90333333,92.15
67,99.13666667,91.68,82.325,87.50833333,93.37833333,82.70333333,74.47333333,80.36,92.035,79.89333333,74.87833333,83.23333333,93.42666667,87.195,82.95333333,92.10333333
68,99.18333333,91.61833333,82.415,87.41833333,93.52333333,82.51333333,74.64166667,80.41166667,92.02333333,79.77,75.12333333,83.22,93.5,87.17833333,82.90333333,91.87666667
69,99.16166667,91.665,82.26333333,87.56333333,93.41,82.65833333,74.64333333,80.38666667,92.13666667,79.83666667,75.20333333,83.25833333,93.49333333,87.38666667,83.00333333,92.22166667
70,99.18666667,91.68166667,82.245,87.53166667,93.55166667,82.76,74.66833333,80.435,92.155,79.64833333,74.97666667,83.45833333,93.53,87.32833333,82.905,92.05333333
71,99.12333333,91.70166667,82.32166667,87.52,93.43666667,82.725,74.565,80.55666667,92.10666667,79.79833333,75.27333333,83.46166667,93.48833333,87.215,82.88166667,92.05166667
72,99.15666667,91.64,82.27166667,87.36,93.46,82.69833333,74.77166667,80.55333333,92.09166667,79.79,75.185,83.23833333,93.48666667,87.345,83.05333333,92.1
73,99.21666667,91.74,82.24666667,87.43333333,93.51166667,82.93166667,74.6,80.47,92.175,80.01666667,75.33666667,83.50333333,93.50666667,87.35666667,82.945,92.23333333
74,99.17666667,91.755,82.36666667,87.425,93.41666667,82.62166667,74.70666667,80.47833333,91.98333333,79.93166667,75.10166667,83.38,93.47333333,87.21,82.86166667,92.15833333
75,99.22666667,91.66333333,82.27833333,87.40333333,93.52833333,82.84166667,74.555,80.56666667,91.97166667,79.81666667,75.24833333,83.425,93.51333333,87.33333333,82.78833333,92.07166667
76,99.17,91.76166667,82.56333333,87.62833333,93.43333333,82.92,74.57333333,80.605,92.055,79.90833333,75.27333333,83.39833333,93.49333333,87.31,83.05166667,92.11833333
77,99.175,91.59333333,82.35666667,87.42666667,93.41833333,82.775,74.62333333,80.58,92.23333333,79.80166667,75.14166667,83.33166667,93.46666667,87.33166667,83.21,92.10666667
78,99.195,91.88666667,82.415,87.50166667,93.57,82.85166667,74.70333333,80.52,92.05833333,79.83,75.195,83.35166667,93.545,87.265,83.18,92.18
79,99.13333333,91.78666667,82.38333333,87.595,93.425,82.88166667,74.74333333,80.47166667,92.10666667,79.91,75.205,83.37833333,93.595,87.30833333,82.94833333,92.25166667
80,99.12666667,91.665,82.34666667,87.48833333,93.44,82.865,74.465,80.62833333,92.19833333,79.80666667,75.15333333,83.345,93.51833333,87.365,83.09166667,92.12
81,99.12333333,91.64166667,82.41,87.44166667,93.47666667,82.85333333,74.67666667,80.52,92.10833333,80.00333333,75.14,83.34,93.59166667,87.19333333,82.955,92.07666667
82,99.19833333,91.65166667,82.485,87.43,93.49,82.655,74.60333333,80.52166667,92.16,79.96,75.13666667,83.315,93.44,87.34166667,83.06,92.05833333
83,99.18833333,91.69666667,82.495,87.39,93.61666667,82.695,74.94666667,80.44666667,92.135,79.85166667,75.10333333,83.23666667,93.46833333,87.27166667,83.14666667,92.06833333
84,99.195,91.765,82.35333333,87.54666667,93.54333333,82.74833333,74.765,80.52,92.13,79.885,75.41333333,83.53166667,93.55,87.39166667,83.04,92.14666667
85,99.16166667,91.635,82.43,87.55166667,93.53,82.83333333,74.695,80.47833333,92.08666667,79.88333333,75.24,83.39333333,93.54,87.29666667,83.06666667,92.16333333
86,99.22833333,91.585,82.5,87.585,93.40666667,82.79333333,74.71666667,80.60666667,92.20166667,79.97333333,75.08833333,83.18333333,93.49,87.345,83.025,92.15833333
87,99.23,91.75166667,82.47,87.73333333,93.69666667,82.78833333,74.75833333,80.63666667,92.17,80.055,75.095,83.26,93.67333333,87.31666667,83.07333333,92.16666667
88,99.235,91.795,82.50666667,87.60666667,93.475,82.855,74.88833333,80.62833333,92.23166667,79.99,75.32333333,83.36166667,93.43666667,87.315,83.27833333,92.30333333
89,99.19166667,91.78666667,82.27833333,87.525,93.575,82.91666667,74.61666667,80.50333333,92.075,79.77166667,75.27,83.29166667,93.60333333,87.34333333,82.91833333,92.11666667
90,99.26,91.83666667,82.44,87.675,93.55166667,82.735,74.72333333,80.565,92.21,79.94,75.31166667,83.35166667,93.63666667,87.455,83.06833333,92.07166667
91,99.22,91.85166667,82.285,87.56166667,93.57166667,82.94333333,74.745,80.61,92.12666667,79.985,75.24666667,83.315,93.59833333,87.37833333,83.06166667,92.05
92,99.23833333,91.76833333,82.42833333,87.6,93.51666667,82.84333333,74.68666667,80.69833333,92.15833333,79.845,75.22333333,83.44,93.56166667,87.43333333,83.09833333,92.19833333
93,99.215,91.82833333,82.41333333,87.695,93.63833333,82.99333333,74.69333333,80.72,92.26166667,80.095,75.25833333,83.52166667,93.71666667,87.48833333,82.97666667,92.20833333
94,99.22,91.68,82.39666667,87.47,93.525,82.88166667,74.585,80.45333333,92.13166667,79.85,75.22833333,83.305,93.54666667,87.41666667,82.97,92.03666667
95,99.185,91.75666667,82.49666667,87.54333333,93.55833333,82.94833333,74.84166667,80.565,92.12333333,80.04666667,75.15,83.38166667,93.615,87.49166667,83.09333333,92.09833333
96,99.21666667,91.74666667,82.35333333,87.53166667,93.57166667,82.76833333,74.76666667,80.75833333,92.05,79.95,75.375,83.42666667,93.69833333,87.29,83.04,92.235
97,99.24,91.695,82.53833333,87.485,93.5,82.96166667,74.71,80.66333333,92.14666667,79.89,75.005,83.40166667,93.62666667,87.315,83.06,92.19833333
98,99.22666667,91.685,82.315,87.55666667,93.495,82.805,74.64833333,80.74833333,92.22666667,79.94,75.18,83.425,93.63833333,87.34833333,82.98,92.12333333
99,99.16166667,91.75166667,82.49,87.475,93.62666667,82.48333333,74.74833333,80.64,92.29,80.04333333,75.29666667,83.57666667,93.71,87.41,83.22,92.17333333
100,99.26166667,91.72333333,82.52666667,87.50666667,93.475,82.81333333,74.70833333,80.57833333,92.09666667,79.94166667,75.165,83.32666667,93.54,87.44,83.00666667,92.15833333
Train Loss,,,,,,,,,,,,,,,,
1,0.002785307,0.005526867,0.006403806,0.006315914,0.005397356,0.007331714,0.006903636,0.006704328,0.005302621,0.006660347,0.007010506,0.007280079,0.005214536,0.006108316,0.006365613,0.005436173
2,0.001080001,0.003411403,0.004667007,0.004245358,0.003054033,0.005596909,0.005557052,0.005084465,0.002956195,0.005066961,0.005555953,0.005326383,0.003045821,0.004152687,0.004672916,0.003401528
3,0.000846727,0.002888402,0.004168937,0.003669448,0.002474795,0.004851018,0.005104935,0.004588788,0.002465708,0.004590205,0.005132932,0.004597728,0.002499837,0.00359397,0.004205088,0.002883631
4,0.000755217,0.002635819,0.003900102,0.003358074,0.002179211,0.004418689,0.004854845,0.004294734,0.002231237,0.004323073,0.004891523,0.0041972,0.002210449,0.003296114,0.003911184,0.002590846
5,0.000675588,0.002453018,0.003704377,0.003152019,0.002007323,0.004123686,0.004652034,0.004065155,0.002087476,0.00412107,0.004689986,0.003949936,0.002030908,0.003081451,0.003692193,0.002396436
6,0.000621585,0.00230135,0.003551362,0.0029852,0.001870412,0.003913493,0.004496915,0.003895736,0.001968315,0.003957774,0.004532411,0.003759245,0.001897658,0.002937117,0.003536387,0.002253356
7,0.000571589,0.002198058,0.003444794,0.00285879,0.001777804,0.003753314,0.004386061,0.00376052,0.001903775,0.00385262,0.004399748,0.003618438,0.001810198,0.002823581,0.003401525,0.002134054
8,0.000545359,0.002104413,0.003369354,0.002750586,0.001711713,0.003594854,0.004284419,0.003650101,0.001825388,0.003735493,0.004288852,0.003473988,0.001728318,0.002733286,0.003302577,0.002037573
9,0.000535217,0.00203428,0.003259065,0.002671208,0.001641582,0.003470454,0.004203588,0.003546123,0.001778173,0.00363674,0.004187459,0.003371322,0.001649784,0.002641049,0.003196363,0.001962086
10,0.00051351,0.001967869,0.003198145,0.002587348,0.001598708,0.003372108,0.004126986,0.00348467,0.001740742,0.003560115,0.004098563,0.003281945,0.001617318,0.00257406,0.003128635,0.001905583
11,0.000483371,0.001926693,0.003133048,0.002525563,0.001554672,0.003275372,0.004051565,0.003410006,0.0017056,0.003486762,0.004022907,0.003212102,0.001564639,0.002513308,0.003065084,0.001859283
12,0.000467554,0.001858818,0.003088164,0.002465941,0.001516273,0.003199263,0.003997437,0.003323653,0.001673689,0.003424873,0.003953345,0.003134253,0.001543005,0.002465471,0.003006191,0.001808602
13,0.000446284,0.001815159,0.003019588,0.00240505,0.001480598,0.003119799,0.003917423,0.003275674,0.001620715,0.00335666,0.003864758,0.003052011,0.001488094,0.002399479,0.002941211,0.001753153
14,0.000438205,0.001771382,0.002963578,0.002351012,0.00144016,0.003052306,0.003871147,0.003220638,0.001580081,0.003294995,0.00382641,0.002990118,0.001454476,0.002358575,0.002886634,0.001712654
15,0.000419127,0.001739017,0.002928733,0.002319075,0.001400063,0.002993186,0.003838338,0.003177725,0.001566148,0.003244065,0.00377834,0.002951227,0.001408516,0.002331174,0.00284602,0.001682083
16,0.000415298,0.001716417,0.002895086,0.002277528,0.001374778,0.002950997,0.003799096,0.00313109,0.001549794,0.003210785,0.00373547,0.002904331,0.001394543,0.00227583,0.002807063,0.001644803
17,0.000397356,0.001662093,0.002843786,0.002223981,0.001357389,0.002892888,0.003742081,0.003084892,0.00151308,0.003158772,0.003673059,0.002846358,0.001352278,0.002235599,0.002761527,0.001605992
18,0.000381932,0.001625509,0.002810903,0.00219418,0.001323635,0.002843448,0.003717957,0.003048313,0.001487268,0.003119936,0.003631038,0.002799529,0.001327446,0.002206568,0.002721215,0.001580129
19,0.000380261,0.00160648,0.002776646,0.002162925,0.001316234,0.002796151,0.003661708,0.003003948,0.00147178,0.003086615,0.003601339,0.00275562,0.001331318,0.002183635,0.002688203,0.001556375
20,0.000374371,0.001576198,0.00275182,0.00214039,0.001292879,0.002771105,0.003644564,0.002969705,0.001460159,0.003051285,0.003571338,0.002739627,0.001292949,0.002152727,0.002658892,0.001525698
21,0.000352485,0.001554062,0.002710836,0.002096292,0.001264378,0.002718373,0.003605849,0.00293244,0.001424386,0.003006233,0.003520634,0.002683439,0.001256273,0.002110738,0.002619282,0.001509422
22,0.000354085,0.001522169,0.002688939,0.00206711,0.001252204,0.002720929,0.003591802,0.002896863,0.001420011,0.002979265,0.003507366,0.002658113,0.001249979,0.002095897,0.002594909,0.001488024
23,0.000343983,0.001528073,0.002671426,0.002059099,0.001241092,0.002672227,0.003559133,0.002880267,0.001406175,0.002968044,0.003478911,0.002616386,0.001243022,0.002084083,0.002576982,0.001469471
24,0.00033985,0.001500202,0.002627524,0.002027156,0.001211002,0.002651789,0.003518483,0.002849405,0.001382917,0.002925153,0.00343791,0.002600342,0.001220179,0.002047635,0.002553234,0.001443786
25,0.000321094,0.001479201,0.00261886,0.002025772,0.00120049,0.002610621,0.003489143,0.002821209,0.001366531,0.002904849,0.003413878,0.002575815,0.00120803,0.002037126,0.002513578,0.001437017
26,0.000326767,0.001459611,0.002574077,0.001982872,0.001188253,0.002578065,0.003457491,0.002800316,0.00136181,0.002890597,0.003380905,0.002548938,0.0011869,0.002016221,0.00250575,0.00141422
27,0.000312858,0.00143596,0.002562368,0.001967274,0.001169322,0.002572209,0.003434861,0.002774675,0.001339986,0.002843847,0.003343198,0.002510275,0.001160332,0.002001626,0.002478627,0.001393718
28,0.000306039,0.001425847,0.002530733,0.001953516,0.001161373,0.002550342,0.003416007,0.002753616,0.001329004,0.002834687,0.003333919,0.002500058,0.001165679,0.001976799,0.002460108,0.001379392
29,0.000301974,0.001406042,0.002523762,0.001927859,0.001152316,0.002524025,0.003378687,0.002733421,0.001321661,0.002811192,0.003323912,0.002472015,0.001138774,0.001951367,0.002440848,0.001360487
30,0.000303345,0.001408978,0.002515285,0.001918447,0.001147721,0.002500617,0.003371674,0.002711541,0.00131678,0.002805182,0.003302734,0.002448614,0.001136644,0.001954781,0.0024322,0.001361532
31,0.000227216,0.001236788,0.002302366,0.001734997,0.000978994,0.002312994,0.003169109,0.00252164,0.001163207,0.002597662,0.003103136,0.002250121,0.000976016,0.001755685,0.002222471,0.001181591
32,0.000197885,0.001177368,0.002238041,0.001659966,0.000922546,0.002233857,0.003102117,0.002449636,0.001088131,0.002527745,0.003020113,0.002172993,0.000911683,0.001691651,0.002147197,0.001126796
33,0.000178499,0.001162683,0.002208341,0.001630683,0.000901624,0.002210563,0.003077804,0.002428663,0.00107843,0.002510305,0.003017112,0.002154283,0.000891601,0.001660708,0.002131694,0.001090246
34,0.00017649,0.001141182,0.002207509,0.001628475,0.000893174,0.002206569,0.003072743,0.002415298,0.001063858,0.002488602,0.002999529,0.002135004,0.000887838,0.001657049,0.002125248,0.001095909
35,0.000162631,0.001124642,0.002178595,0.001611232,0.000881176,0.002181376,0.003059162,0.002399998,0.0010539,0.002480909,0.002988572,0.002128167,0.00088084,0.001626789,0.00210368,0.001073303
36,0.000164336,0.001119626,0.002182951,0.001608463,0.000871394,0.002173272,0.003060473,0.002397647,0.001044498,0.00247725,0.00297856,0.002113889,0.000860143,0.001632689,0.002101821,0.001077315
37,0.000159067,0.001111489,0.002175571,0.001599176,0.000873354,0.002166581,0.003033786,0.002396827,0.00104517,0.002474628,0.002975168,0.002113045,0.000861305,0.001616559,0.002093811,0.001063643
38,0.000156819,0.001100595,0.002173975,0.001586639,0.000869604,0.002156485,0.00303279,0.002377568,0.001037907,0.002452096,0.002962087,0.00210167,0.000852748,0.001624304,0.002090413,0.001042815
39,0.000152681,0.001107051,0.00216271,0.001581092,0.000858358,0.002152814,0.003035606,0.002376724,0.001033708,0.002454919,0.002964673,0.002095649,0.000849109,0.001620354,0.002082186,0.001049456
40,0.00015128,0.001090886,0.002157133,0.001573523,0.000848669,0.002148733,0.003019705,0.002368523,0.001026772,0.002435006,0.002951029,0.002088187,0.000850071,0.001613129,0.002067454,0.001050671
41,0.000147526,0.001097213,0.002152478,0.001581895,0.000854467,0.002150929,0.003021157,0.00235792,0.001027678,0.002445744,0.002943102,0.002082153,0.0008412,0.001597378,0.002075534,0.00104548
42,0.000147926,0.001094049,0.002155802,0.001573012,0.000847054,0.002140701,0.003010588,0.002359357,0.001021025,0.002444681,0.002955284,0.002079983,0.000844463,0.001610545,0.002066537,0.001051073
43,0.000146115,0.001071688,0.002129034,0.001561775,0.000841926,0.002129317,0.00300591,0.002357578,0.001011138,0.002429708,0.002944961,0.002067396,0.000825229,0.001585744,0.002060217,0.001027147
44,0.000139131,0.001078646,0.002129199,0.001559391,0.000832991,0.002129722,0.003005996,0.002350919,0.001007169,0.002438211,0.002939299,0.00206892,0.000818967,0.001591145,0.002052712,0.001042506
45,0.000135763,0.00106699,0.002137942,0.001560295,0.0008324,0.002120436,0.003009838,0.002348234,0.000995186,0.002420898,0.002937057,0.002062537,0.000826196,0.001582589,0.002058745,0.001032593
46,0.000132939,0.001069018,0.00212355,0.001540834,0.000821484,0.002116518,0.002992277,0.002335585,0.000995027,0.002411135,0.00292172,0.002057818,0.000818888,0.001571459,0.002036499,0.001016858
47,0.000136718,0.001062115,0.002112956,0.001544386,0.000828014,0.002119388,0.002976577,0.002335366,0.000996967,0.0024109,0.002917074,0.002058691,0.000821071,0.001569107,0.002039379,0.001021372
48,0.000139112,0.001061338,0.002117232,0.001545408,0.000827366,0.002119735,0.002984972,0.002324737,0.000995116,0.002408981,0.002916936,0.00205491,0.000810949,0.001583566,0.002030552,0.001016753
49,0.000130869,0.001062477,0.002122126,0.0015333,0.000806225,0.002101845,0.002982612,0.002327623,0.000987776,0.002399973,0.002914763,0.00203597,0.000797824,0.001567546,0.002027788,0.001012492
50,0.000129477,0.001055481,0.002120233,0.001516382,0.000803367,0.002100975,0.002982153,0.002323896,0.000975111,0.002410942,0.002919701,0.002045845,0.000799086,0.00155255,0.002025597,0.001005518
51,0.000126424,0.001067051,0.002120793,0.001544143,0.000816243,0.00209267,0.002987119,0.00232231,0.000989441,0.002401415,0.002919459,0.002038862,0.000808658,0.001569299,0.002033367,0.001012419
52,0.00012662,0.001049279,0.002117588,0.001518835,0.000807429,0.002098829,0.002968534,0.002310713,0.000978562,0.002390084,0.002911108,0.002032206,0.000807078,0.001555757,0.002021805,0.001009798
53,0.000128718,0.001043566,0.002100862,0.00152555,0.000803452,0.00210253,0.002968939,0.002317002,0.000981536,0.002390973,0.002907502,0.002032276,0.000791344,0.001547024,0.002020376,0.000989384
54,0.00012644,0.001049445,0.002098562,0.001516421,0.000795045,0.002089076,0.002960951,0.002302914,0.000981261,0.002383736,0.002896138,0.002025988,0.000792447,0.001553007,0.002015117,0.000997346
55,0.000122638,0.001041298,0.002085357,0.001516303,0.00079391,0.00208841,0.002958009,0.002313354,0.000969907,0.002386431,0.002894896,0.002021056,0.00078326,0.001548051,0.001997269,0.000994539
56,0.000120257,0.001035577,0.002082861,0.001518699,0.00079765,0.002086343,0.002972124,0.002292239,0.000964771,0.002383627,0.002900164,0.002022966,0.000792545,0.001550687,0.002008179,0.000979306
57,0.000121544,0.00103758,0.00209224,0.001514361,0.000795451,0.002082159,0.002953797,0.002312166,0.000967124,0.00238282,0.002884589,0.00201694,0.000789581,0.001548091,0.002003264,0.000994179
58,0.000115447,0.001029039,0.002073376,0.001492242,0.000789932,0.002073325,0.002945558,0.002292504,0.000963747,0.002365027,0.002879988,0.002013311,0.000783599,0.001524507,0.001985277,0.00097615
59,0.000114038,0.001030069,0.002076618,0.001503977,0.000784599,0.002075158,0.002953104,0.002292055,0.000964734,0.002373028,0.002883859,0.002012314,0.000773583,0.001537316,0.001986335,0.00098211
60,0.000109357,0.001018645,0.00206028,0.001489446,0.000781803,0.002051009,0.002943001,0.002289241,0.000945406,0.002362069,0.002870944,0.002011391,0.000770439,0.001529102,0.001987364,0.000970207
61,0.000107398,0.001003455,0.00204131,0.00146779,0.000774177,0.002043738,0.002920329,0.002270218,0.000938925,0.002346831,0.00286135,0.001984332,0.000761111,0.001509937,0.001965578,0.000961587
62,0.000104281,0.001005608,0.002032342,0.001464772,0.000760025,0.002041741,0.002920931,0.002263123,0.000933283,0.002334656,0.002839304,0.001974764,0.000752441,0.00150578,0.001955824,0.000947147
63,0.000103863,0.001001123,0.002047103,0.001470838,0.000757128,0.002038565,0.002896465,0.002247759,0.00094144,0.002333882,0.002849449,0.001977738,0.000758155,0.001498671,0.001964023,0.000942365
64,0.000111708,0.001003522,0.002030808,0.001464776,0.000754735,0.002023236,0.002907639,0.00224972,0.000921775,0.00233459,0.002844289,0.001964177,0.000744545,0.001487535,0.001959891,0.000944856
65,9.75E-05,0.000998725,0.002035021,0.001465904,0.000754929,0.002017638,0.002910118,0.002249631,0.000924335,0.002321904,0.002833242,0.00196139,0.000754351,0.001477844,0.001957911,0.000937417
66,9.98E-05,0.00100074,0.00202872,0.001458699,0.000748401,0.00202613,0.002901272,0.00223607,0.000920015,0.002314034,0.002844957,0.001962171,0.00074377,0.001482187,0.001952686,0.000941934
67,0.000106093,0.000996032,0.002031061,0.001465083,0.00076376,0.002029412,0.00291569,0.002246783,0.000929313,0.002332128,0.002850016,0.001974418,0.000755019,0.001496055,0.001960382,0.000946543
68,9.90E-05,0.000993017,0.002044884,0.001472377,0.000749876,0.002036124,0.002897057,0.002256077,0.000925727,0.002326548,0.002836751,0.001965189,0.000744896,0.00149438,0.001959097,0.000962775
69,0.000105458,0.001001588,0.002030287,0.001462969,0.000750552,0.002025308,0.002907486,0.002250496,0.000929268,0.002334339,0.002838608,0.001963698,0.000747037,0.001485175,0.001949972,0.000942395
70,0.000100769,0.00099144,0.002029459,0.001458107,0.000746342,0.002019562,0.002904655,0.002249702,0.000926173,0.002332931,0.002838482,0.001961265,0.000747472,0.001481713,0.00195547,0.000944461
71,0.000102136,0.000992152,0.002036268,0.001458545,0.000754018,0.002037539,0.00290748,0.002248985,0.000930651,0.002327282,0.002827595,0.001968037,0.00075191,0.001493141,0.001952553,0.000947794
72,9.97E-05,0.000991624,0.002033237,0.001472125,0.000755407,0.002033562,0.002893815,0.00224787,0.000926798,0.002328495,0.002842379,0.00197331,0.000750515,0.001489628,0.001945181,0.000945374
73,9.56E-05,0.000986719,0.002031929,0.001464318,0.00074019,0.002018152,0.002896537,0.002246457,0.000923619,0.00232618,0.002834693,0.001952582,0.000746689,0.001491391,0.001953302,0.000936346
74,0.000102324,0.000989043,0.002029617,0.001465495,0.000755508,0.002041279,0.002906319,0.002246261,0.000933111,0.00231929,0.002836544,0.001967626,0.000751555,0.001498999,0.001957435,0.000941183
75,9.86E-05,0.000991967,0.002029907,0.00146719,0.00075014,0.002026143,0.00291007,0.002235303,0.000932253,0.002324754,0.002845709,0.001946345,0.000751223,0.001492625,0.001954509,0.000936883
76,9.94E-05,0.000991459,0.00201228,0.001455376,0.000749571,0.002018109,0.00290132,0.002243075,0.000924965,0.002318566,0.002830954,0.001953726,0.000752834,0.00148366,0.001943007,0.000941575
77,9.95E-05,0.001003282,0.002035531,0.001462747,0.000754463,0.002032044,0.002906814,0.002248133,0.000920376,0.002335573,0.002834938,0.001964975,0.00074873,0.001484862,0.001949901,0.000940114
78,0.000101157,0.000977675,0.00202537,0.001453814,0.000746084,0.002017838,0.002901049,0.002236482,0.00091784,0.002318301,0.00283811,0.001965367,0.000744401,0.001485192,0.001938196,0.000938492
79,9.96E-05,0.000985285,0.00202413,0.001452905,0.000748459,0.002026071,0.002889962,0.002239659,0.000919902,0.00232078,0.002836615,0.001960933,0.000741113,0.001485632,0.00194747,0.000939627
80,9.91E-05,0.000986773,0.002026984,0.001457906,0.000749744,0.002020668,0.002911719,0.002246247,0.000915832,0.002324962,0.002838201,0.001962061,0.000747423,0.001476463,0.001945412,0.000943763
81,0.000102591,0.000989933,0.002036209,0.001459544,0.000753835,0.002019113,0.002892135,0.00224393,0.000924297,0.002323936,0.002837181,0.001945807,0.000738145,0.001495431,0.001954085,0.000940509
82,9.52E-05,0.000989992,0.002024671,0.001461055,0.000749663,0.002033426,0.002902564,0.002243446,0.000923098,0.002315331,0.002845065,0.001961942,0.000749922,0.001489056,0.001950593,0.000941646
83,9.93E-05,0.000989267,0.002022315,0.001460868,0.000743299,0.002027256,0.002889953,0.002242302,0.000918276,0.002321463,0.002835016,0.001969467,0.000750657,0.00148473,0.001937832,0.000941031
84,9.66E-05,0.000989602,0.00203062,0.001451508,0.000748538,0.002023422,0.002895879,0.002240852,0.000920464,0.002321607,0.002824908,0.001948627,0.000742134,0.001484358,0.001942985,0.000936245
85,9.81E-05,0.000991418,0.002029814,0.001456379,0.000744079,0.002020547,0.00290449,0.002235447,0.000918834,0.002324278,0.002833548,0.001962647,0.000740875,0.001480685,0.001942562,0.000934876
86,9.82E-05,0.0010018,0.002024974,0.001447327,0.00075074,0.00202146,0.002901568,0.002248148,0.000919985,0.002316114,0.002839854,0.001962114,0.000749267,0.001479686,0.001941485,0.000937916
87,9.37E-05,0.000988547,0.002025269,0.001441364,0.000737018,0.002009497,0.002891811,0.002233753,0.000917478,0.002306324,0.002828848,0.001953919,0.000729521,0.001478374,0.001936929,0.00093438
88,9.27E-05,0.000981512,0.002017267,0.001450096,0.000748621,0.002016131,0.002883635,0.002234933,0.000921697,0.00230917,0.002822051,0.001952456,0.000748011,0.001479089,0.001937816,0.000929727
89,9.99E-05,0.000985893,0.002027944,0.001446945,0.000739398,0.00201634,0.00289716,0.002242902,0.000919756,0.002314059,0.002817516,0.001960317,0.000739836,0.00148683,0.001953741,0.000946186
90,8.97E-05,0.000979952,0.002027984,0.001447044,0.000734851,0.002021375,0.002895365,0.002239332,0.000909982,0.002324529,0.002825235,0.001948441,0.000732799,0.001473239,0.00193718,0.000935169
91,9.97E-05,0.000972908,0.00202726,0.001450078,0.000735416,0.002006901,0.002898624,0.002232225,0.000923425,0.002316025,0.00281846,0.001958933,0.000735634,0.001483135,0.001939084,0.000942328
92,9.23E-05,0.00097813,0.002019113,0.00144652,0.000740289,0.002004825,0.002897721,0.002233189,0.000917714,0.002321267,0.002829927,0.001948886,0.000737975,0.001467373,0.00194097,0.000933169
93,9.39E-05,0.000974565,0.00202531,0.001440835,0.000738557,0.002000902,0.002887513,0.002235463,0.000909949,0.002309213,0.00282214,0.001954929,0.000731396,0.001474515,0.001938778,0.000922885
94,9.91E-05,0.000984536,0.002026167,0.001448636,0.000748524,0.002012808,0.002889847,0.002241782,0.000925294,0.002318688,0.002823095,0.001954454,0.000743565,0.001485145,0.001950916,0.000940016
95,9.71E-05,0.000975144,0.002018909,0.00145319,0.000743841,0.002011826,0.002881537,0.00224287,0.000922071,0.002316565,0.002828208,0.001957672,0.000738725,0.001480606,0.001928998,0.000935836
96,9.67E-05,0.00098194,0.002026757,0.001450845,0.000739233,0.002020717,0.002891488,0.002234049,0.000919101,0.002319557,0.00281829,0.001955086,0.000728237,0.001479475,0.00194136,0.000932344
97,9.45E-05,0.000985623,0.002019797,0.001453154,0.000750062,0.002023027,0.00289038,0.002237772,0.000918504,0.002316215,0.002838614,0.001954063,0.000737086,0.001478788,0.001934831,0.000933218
98,9.45E-05,0.000982604,0.002023998,0.001455869,0.000741471,0.002016115,0.002892239,0.002223902,0.000908753,0.002307389,0.002825677,0.001951581,0.000740762,0.001474132,0.001942826,0.000933662
99,9.64E-05,0.000975207,0.002018569,0.001451827,0.000731898,0.002021694,0.00289414,0.002227656,0.000905602,0.002307161,0.002828679,0.001947328,0.000727663,0.001459944,0.001931779,0.000925295
100,9.10E-05,0.000983697,0.002022865,0.001452297,0.000741724,0.002011897,0.002892627,0.002227946,0.000917166,0.002310236,0.002828605,0.001954525,0.000741061,0.001480435,0.001942533,0.000931531
